8.64,8.48,6205,1,17613682
8.76,9.02,5605,1,14245998
8.75,9.06,567,0,13624328
8.89,9.02,7973,1,13395400
8.68,7.6,5471,1,12983330
9.53,8.86,2307,1,12811206
8.31,8.97,8123,1,12705700
9.79,9.23,4242,1,12319542
8.22,8.01,8064,1,11565078
7.73,7.5,582,1,11453338
6.07,8.97,3626,1,11372451
9.52,8.32,6844,0,10494499
9.62,9.12,436,0,10296101
9.58,9.09,548,0,10273803
8.99,7.95,6411,1,9699092
9.51,7.96,4792,1,9134586
9.67,8.85,1991,0,9001309
8.17,7.97,6149,1,8914845
9.46,8.68,1975,0,8677249
9.55,8.99,3734,1,8656397
8.11,8.27,5616,1,8646758
8.15,9.13,1468,1,8487894
8.91,9.19,640,1,8245523
8.49,8.3,6389,1,7817459
9.49,7.07,971,1,7784807
8.17,7.98,6173,1,7759473
9.18,8.73,1315,1,7575899
7.72,8.11,627,1,7505700
8.75,8.41,6163,0,7487545
8.63,7.95,2070,1,7466976
9,9.11,523,1,7328820
8.83,7.81,2840,1,7166199
8.59,8.11,8124,1,7147879
8.26,8.37,5482,1,7118592
9.52,8.32,281,0,7074867
7.77,8.98,5077,1,7071763
7.57,8.05,6411,1,7049643
9.35,8.47,3143,1,6965706
9.59,7.11,4590,1,6953800
8.83,7.6,3184,0,6878264
9.31,7.73,410,1,6686912
9.28,8.64,3229,1,6654837
9.57,9.01,828,0,6396528
9.1,9.21,1797,1,6282774
8.67,8.22,3450,1,6246849
8.86,8.18,1858,1,6136928
9.59,8.74,2573,1,6126488
9.32,8.81,694,0,6125154
9.45,8.99,4657,1,6043458
9.34,9.21,200,0,5926948
9.61,8.33,1704,0,5911890
9.1,6.83,2654,1,5602543
8.23,8.4,3092,1,5593551
7.63,8.26,2304,1,5583596
9.26,7.88,900,0,5546792
9.19,8.87,1404,1,5507106
8.35,7.77,5035,1,5496547
8.89,7.64,1047,0,5462953
9.29,8.71,905,0,5446379
8.46,8.31,5240,1,5440945
8.54,8.09,2557,1,5316015
9.51,8.77,1512,1,5310510
6.18,6.6,644,1,5295801
9.29,8.2,1306,1,5237525
7.87,8.05,3403,1,5181014
8.8,8.8,1231,0,5137995
7.5,9.08,400,1,5071619
9.46,8.73,683,1,5062722
9.55,9.06,395,0,4968687
9.54,7.59,2560,1,4897551
9.6,8.41,665,0,4875494
9.03,7.76,1704,0,4853123
9.8,9.23,181,0,4801355
9.09,8.13,1432,1,4786259
9.28,6.92,7101,1,4774895
9.31,8.59,1486,1,4710454
9.72,9.35,46,0,4703245
9.22,8.93,276,0,4697142
8.99,8.89,1377,1,4682492
9.46,8.73,329,1,4673009
9.56,8.22,422,0,4666990
9.23,9.26,1661,1,4662822
9.13,8.55,2755,1,4598583
8.14,8.39,2309,1,4571145
8.91,8.18,301,1,4568891
8.96,8.44,211,0,4554785
7.8,7.23,2437,1,4513026
9.23,7.36,415,1,4498335
9.6,9.31,392,0,4400298
9.67,8.85,244,1,4316003
9.16,8.87,707,0,4313871
9.43,8.53,336,0,4300670
7.9,7.08,8429,1,4277071
9.03,7.76,1159,0,4168350
9.66,7.42,158,1,4136101
9.28,8.35,4541,1,4131248
9.02,8.65,3389,1,4110645
8.67,5.7,189,0,4090795
8.52,8.28,960,1,4088799
9.69,9.32,329,0,4087355
8.52,8.88,1562,1,4057546
9.3,8.59,639,0,4044582
8.88,8.53,628,0,4002134
4.38,7.29,7738,0,4001813
9.36,8.63,2311,1,3984812
9.34,8.91,1166,0,3963220
8.97,8.09,2125,1,3893216
8.46,7.67,4103,1,3872015
9.05,7.06,4007,1,3849433
8.92,8.75,269,0,3842441
9.13,7.21,1317,1,3779553
8.9,8.3,819,1,3726134
9.48,8.97,257,0,3653238
9,7.29,599,0,3628858
9.56,8.76,2038,0,3616241
9.54,8.97,7381,0,3610642
9.69,9.16,1288,0,3586523
9.26,9.06,103,0,3579666
8.82,8.04,9560,1,3562123
9.12,8.59,400,0,3504990
8.74,8.92,929,1,3450941
9.57,9,3810,1,3450143
9.59,9.02,110,0,3427464
9.38,8.77,3634,1,3423920
8.99,6.99,1647,1,3408144
5.6,8.23,2587,1,3385706
9.55,8.15,1650,0,3379762
9.62,9.15,111,0,3375735
9.25,8.21,812,0,3317196
9.02,7.78,3135,0,3273879
9.71,9.11,270,0,3247558
7.34,7.71,3390,1,3239371
9.26,8.27,384,0,3227452
9.56,8.1,191,0,3130046
8.1,7.87,2100,1,3125069
7.83,7.08,4678,0,3119023
8.8,8.33,427,1,3100113
9.56,9.06,1228,1,3068544
9.02,8.43,940,1,3059812
9.58,8.35,488,0,3045283
9.04,7.66,6164,1,3044134
9.47,8.4,1285,0,3039889
8.4,7.33,1201,1,3035116
9.56,7.98,2122,1,3013523
8.79,8,2616,1,3004647
9.58,6.82,392,0,3002669
9.4,8.55,1574,1,3001530
9.75,8.93,482,1,3000056
9.32,8.36,10541,1,2982022
7.54,6.24,8614,1,2971475
5.89,6.36,2577,0,2963449
9.29,8.69,94,0,2962897
6,8.63,2529,1,2945137
9.1,8.21,792,0,2938818
9.08,7.62,3487,1,2931897
8.8,7.7,1469,0,2921331
9.15,8.86,1276,1,2897477
10,8.23,48,0,2867594
8.75,8.08,4250,1,2860786
9.15,7.5,2567,1,2841788
8.93,8.61,655,0,2839921
9.61,8.47,430,0,2836774
9.72,8.42,254,0,2818993
9.38,8.09,187,0,2812427
9.44,8.2,423,0,2809053
7.76,9.11,1142,0,2801949
8.98,8.76,80,0,2773794
9.5,8.66,1049,1,2766436
9.38,8.08,1830,0,2744413
9.38,8.94,670,0,2735722
9.17,8.73,2391,1,2731828
9.54,7.32,127,0,2723518
9.04,8.49,1647,1,2721903
9.38,8.03,183,1,2718227
9.55,8.46,546,0,2718158
9.05,7.04,115,1,2713031
8.82,7.65,924,1,2706748
8.98,6.29,147,0,2685508
9.45,9.32,2602,1,2663170
9.48,8.71,222,1,2654817
8.43,8.48,2776,1,2625686
9.4,7.94,632,0,2625572
7.3,6.79,2031,1,2621436
9.77,8.39,2804,0,2611966
9.05,9.33,210,1,2603857
9.65,8.52,511,0,2601734
8.85,6.69,1655,1,2595625
8.32,6.26,7627,1,2594028
8.83,6.68,3156,1,2583294
8.23,7.95,3568,1,2570850
8.84,7.14,5706,1,2564340
8.55,7.65,179,0,2539114
8.78,9.05,140,0,2532306
9.53,8.45,477,0,2532051
9.48,8.58,196,0,2517805
8.92,8.05,4645,1,2512572
9.15,8.57,2777,1,2471721
9.39,8.67,274,1,2447241
9.34,7.9,1576,0,2435211
9.48,7.51,2413,1,2434099
9.31,8.5,4359,0,2420729
9.35,8.01,1645,1,2393086
9.24,7.82,2424,1,2391963
9.08,9.2,29,0,2379830
9.13,7.85,271,0,2376145
5.34,4.13,1434,1,2363955
8.9,8.09,1972,1,2362906
7.23,6.26,1316,1,2325715
8.83,6.26,659,1,2316099
9.38,8.77,1835,0,2315882
9.44,9.14,333,0,2310054
9.59,6.98,867,0,2308596
8.04,5.61,2556,0,2304487
9.72,8.48,251,0,2282744
8.85,8.35,114,0,2282191
8.01,7.85,81,0,2262758
8.97,8.03,306,1,2261356
9.26,7.96,55,1,2258369
8.47,6.88,1053,0,2256913
8.98,7.48,1062,0,2241687
9.24,8,137,0,2239156
7.92,6.09,1773,1,2237271
6.56,3.34,2461,1,2232179
8.87,8.19,289,0,2207751
9.4,7.07,76,0,2201300
9.15,8.88,444,1,2199048
8.45,7.64,3896,1,2192243
9.31,7.13,8261,1,2192172
9.5,7.51,215,0,2182365
9.33,7.84,324,0,2182227
8.97,7.78,684,0,2167426
9.34,6.67,1865,1,2164805
9.74,7.03,1446,1,2160265
8.49,7.75,726,0,2153110
7.25,7.15,2749,0,2142622
9.17,8.02,5586,0,2135614
8.22,8.22,160,0,2128574
8.09,6.45,651,1,2125662
9.39,8.1,4059,1,2108273
9.42,7.4,961,1,2105050
8.8,8.54,1954,1,2095375
9.45,8.59,370,1,2084457
0,9.03,1545,1,2083999
8.71,8.52,1518,1,2080574
9.43,8.41,149,1,2080154
9.02,8.23,124,0,2078492
9.1,9.04,704,0,2070084
8.84,7.89,864,1,2058764
5.65,7.71,5667,1,2053947
8.82,7.72,3801,1,2044564
9.3,6.08,492,1,2026574
8.61,7.79,834,0,2007180
9.24,8.68,60,0,2003533
9.56,7.48,128,0,2002526
9.07,8.64,2448,1,1979311
7.99,7.05,3145,0,1971837
9.45,6.6,173,1,1949027
9.3,8.15,251,0,1936321
8.94,8.24,580,0,1926201
8.96,9.05,259,1,1923748
9.26,8.76,712,0,1922634
6,7.34,834,1,1914779
7.69,7.03,762,0,1898121
9.28,6.66,6658,1,1891993
9.15,8.85,2295,1,1888100
9.19,6.47,104,0,1877226
7.8,7.56,1329,0,1873327
8.62,7.42,1790,1,1865195
9.35,7.87,3434,1,1864408
8.9,7.87,192,0,1860934
8.41,8.55,5334,1,1857392
8.79,7.06,3101,1,1855917
7.48,8.81,3310,1,1854625
8.84,7.81,1228,1,1848418
8.79,8.21,2601,1,1823116
8.33,8.93,1680,0,1820920
9.21,7.04,1025,0,1820842
8.25,7.58,868,1,1799356
9.27,8.15,1594,0,1798205
9.68,8.82,1750,0,1790457
7.98,5.04,753,1,1788748
9.21,8.86,289,0,1767051
9,7.17,2537,1,1766285
9.09,8.28,279,0,1764233
8.28,8.01,4738,1,1762742
8.74,5.72,157,0,1762070
8.98,8.77,555,0,1743774
8.29,7.61,2677,1,1737253
8.57,8.33,3285,0,1735640
9.41,8.96,202,0,1729424
9.45,6.66,1214,1,1726202
9.51,9.33,830,1,1719772
8.19,7.77,2131,1,1717566
8.85,7.62,419,0,1714071
9.28,8.23,1725,1,1713891
2.95,6.05,6244,1,1707487
9.1,7.8,1058,1,1706576
8.82,7.29,81,1,1694529
8.35,6.94,946,1,1690294
8.45,7.78,412,0,1685933
9.32,6.91,100,0,1685405
9.38,7.6,3781,1,1676040
8.65,7.67,214,0,1675798
9.63,8.68,166,1,1661230
9.63,8.28,115,0,1648070
9.59,7,2079,0,1646142
9.62,9.34,500,1,1640351
8.62,7.76,1893,1,1634403
8.69,6.82,1041,0,1634051
9.05,9.03,51,1,1626704
9.32,8.66,396,0,1623199
9.46,8.97,30,0,1621973
10,7.56,768,1,1613728
9.58,8.34,3469,0,1613392
8.73,6.79,1981,1,1612554
5.61,7.05,5808,1,1611519
9.42,8.97,248,1,1605271
9.06,7.22,294,0,1596574
9.25,6.87,3540,1,1593694
8.48,7.18,319,0,1593116
9.19,8.81,349,0,1588373
8.85,4.6,119,0,1576333
7.68,6.79,467,1,1573621
7.54,5.61,2559,1,1571432
8.02,7.99,544,0,1562486
9.38,8.77,730,1,1561815
9.93,7.66,1684,1,1552055
6.52,5.88,909,1,1534911
9.2,8.57,2336,1,1534407
9.51,8.19,120,1,1521842
9.3,8.22,229,0,1515356
9.43,8.59,208,0,1515104
9.04,7.08,268,0,1511145
9.43,8.93,1606,1,1507084
9.22,7.31,471,0,1500830
10,7.41,1230,0,1496214
9.58,9.37,386,0,1484843
9.6,8.64,88,0,1478573
8.33,6.94,5342,0,1472006
9.01,6.84,46,1,1466830
9.61,6.99,104,1,1462280
7.79,8.66,413,1,1452872
9.26,8.31,447,0,1445124
7.82,6.68,5805,1,1441964
9.44,7.84,86,1,1438353
8.49,7.14,111,0,1438056
8.45,7.75,2847,1,1426873
9.17,7.78,2603,0,1416053
8.9,6.85,1715,0,1407681
9.44,8.86,76,0,1402609
8.08,8.28,360,1,1399771
9.57,8.22,349,0,1397526
8.49,4.74,103,1,1394110
8.71,7.44,220,1,1373873
8.62,7.45,5486,1,1362634
9.21,8.64,2609,0,1362114
9.53,7.85,113,1,1356180
9.09,7.46,2467,1,1346754
8.33,7.1,2028,1,1346274
9.05,7.89,1145,0,1345025
7.88,6.38,90,1,1338411
8.52,7.76,4408,1,1328890
9.13,8.78,495,0,1328394
8.74,7.97,81,0,1321751
8.91,6.02,848,1,1321005
9.26,9.37,22,0,1320830
9.4,8.55,323,0,1311190
9.57,7.18,1957,1,1310895
8.74,7.53,47,0,1307873
9.1,8.86,741,0,1307688
9.26,8.18,482,0,1305826
9.07,8.22,922,0,1303452
9.66,7.15,293,0,1278894
8.54,9.23,746,1,1277800
9.06,8.97,143,0,1277301
9.46,7.89,219,1,1247015
8.81,6.87,1903,1,1246185
8.97,8.09,85,1,1240953
8.04,7.55,451,1,1233582
8.82,7.7,211,0,1231024
9.42,6.83,1220,1,1228673
8.85,8.29,3550,1,1225142
8.29,7.51,2089,1,1221420
9.47,7.33,39,0,1221352
9.59,7.26,131,0,1219637
8.86,7.04,3993,0,1212270
8.97,6.28,127,0,1209538
9.01,7.21,1589,0,1207732
9.01,8.01,1543,0,1206101
9.06,6.94,3938,1,1204666
8.94,7.11,3729,1,1202058
8.97,7.57,1410,1,1201640
9.16,6.5,3089,1,1201576
8.61,7.23,2379,1,1201033
9.39,8.07,82,0,1182228
8.76,6.69,4710,1,1177438
7.47,7,5386,1,1176664
9.36,8.2,421,0,1173310
9.53,8.51,101,1,1169839
9.48,8.68,3980,1,1168625
9.26,9.36,4064,0,1168427
7.2,6.76,3099,0,1165488
9.23,8.68,368,0,1163120
9.23,8.86,4758,1,1160935
8.37,6.06,1384,1,1160021
9.07,7.76,3353,0,1159787
9.3,8.23,2045,1,1157472
9.29,8.36,3915,0,1153109
9.03,7.11,87,0,1149628
8.69,7.62,1159,0,1144238
8.58,5.41,28,0,1140118
8.81,8.07,3016,1,1139250
9.02,8.27,1805,1,1130638
9.15,8.31,215,1,1125739
9.62,8.84,610,1,1125032
7.91,7.86,3008,1,1124918
8.98,7.07,478,0,1123294
9.17,6.98,1315,0,1118258
9.05,8.71,294,1,1111865
8.3,7.4,64,0,1111158
9.61,6.39,3489,1,1110523
8.31,6.89,4877,1,1110246
9.4,8.06,158,0,1101678
8.82,7.6,1601,0,1099665
8.09,7.18,1110,0,1085047
9.65,8.1,90,1,1083746
9.32,9.15,573,1,1075584
7.75,6.14,1734,0,1075333
9.02,7.67,282,0,1074321
9.06,8.49,6248,1,1069436
8.99,6.9,129,1,1063955
8.16,7.29,3089,0,1061412
9.45,8.6,1139,1,1059350
9.44,8.66,37,0,1052379
9.43,9.3,1292,0,1047327
7.46,7.9,1598,1,1046787
9.31,6.99,2908,0,1046313
9.41,7.32,3912,1,1044522
9.59,8.7,346,0,1043904
8.94,7.6,41,1,1040636
8.91,6.5,670,0,1036172
9.08,7.71,1631,0,1030285
9.6,9.11,3881,1,1027622
8.98,8.57,185,0,1027438
8.78,8.43,695,0,1019300
9.22,7.09,205,0,1015711
9,7.83,59,0,1015287
9.12,7.54,1274,1,1006947
9.38,8.28,155,1,1006833
9.56,9.32,69,0,1006075
8.94,8,134,0,999047
9.47,7.8,182,0,998528
8.92,8.31,120,0,992064
7.78,7.92,807,0,989021
9.16,7.71,1785,1,987420
8.55,7.41,1227,1,986547
8.57,8.91,4662,0,984265
9.64,8.51,59,0,979739
8.32,8,198,0,979509
9.01,7.59,2103,1,977470
7.91,6.44,1931,0,975462
9.47,8.05,794,1,974554
8.62,8.79,337,0,973703
8.05,7.29,4142,1,971194
8.38,7.2,2555,1,970373
9.13,7.67,175,0,970275
8.6,7.99,2700,1,963634
8.71,7.95,1214,0,956767
9.46,7.67,57,0,956154
9,7.47,6354,1,955175
9.82,8.78,48,1,953871
9.35,7.61,58,0,951855
8.63,7.69,113,1,949324
7.79,8.66,226,1,946615
9.35,7.01,92,1,945185
9.16,8.65,105,0,941672
9.57,9.24,274,1,941615
9.57,8.52,65,0,939658
8.49,6.91,423,1,937029
8.74,5.91,3505,1,930855
9.01,8.56,117,1,929985
8.21,7.42,53,0,925813
9.09,8.83,399,0,925108
8.96,7.94,2324,0,921317
8.18,7.38,73,0,918678
9.12,9.3,258,0,918183
9.66,5.97,172,0,915359
10,9.02,654,0,907255
9.11,8.81,68,1,904145
9.29,5.79,2385,1,900054
8.59,6.84,56,0,893027
9.43,8.59,93,0,884885
9.59,8.79,81,0,877398
9.02,8.77,157,1,875481
8.28,9.02,1120,0,874913
9.28,8.23,723,0,873396
7.37,6.25,91,0,873079
8.59,4.72,585,1,872594
8.44,6.47,2516,1,870785
9.35,8.73,293,0,870065
8.95,7.81,95,0,869805
8.52,6.21,809,1,867386
8.58,7.66,116,0,858402
0,4.18,836,1,858215
8.61,6.74,3462,0,855980
9.42,7.54,462,1,854377
8.87,8.95,92,0,853859
9.19,8.2,6969,1,848148
8.36,7.28,3156,1,844103
8.55,7.46,48,0,837426
7.59,6.65,977,1,837059
9.07,7.33,4701,0,836117
9.43,7.74,1435,1,831804
8.44,6.49,7316,1,827918
8.61,6.85,177,0,825517
8.73,7.79,2129,1,821918
8.72,8.91,231,0,820995
9.29,7.28,170,1,814023
8.97,8.16,125,0,809755
9.39,7.8,127,0,807486
9.14,7.44,88,0,806924
8.65,7.63,326,1,806709
9.3,8.26,684,0,806248
9.18,7.54,706,0,804631
9.55,8.15,68,0,800062
9.67,8.62,4764,0,799275
9.64,8.94,82,0,791173
8.2,6.82,1441,1,790954
8.75,7.81,5869,0,790158
9.14,7.26,1621,1,784031
7.65,7.62,4024,1,773996
9.45,8.36,234,0,773649
8.66,7.09,2401,1,771699
7.62,7.42,3157,1,768971
8.78,5.7,85,0,765315
8.19,8.41,2226,0,765259
8.13,7,2486,1,764072
9.34,8.29,610,0,761404
9.6,6.66,775,1,758473
9.48,8.99,2787,0,757430
9.72,9.04,146,0,757337
9.39,8.58,103,0,744387
7.5,4.67,1391,0,742475
9.54,8.27,85,0,738963
8.89,8.58,853,0,733931
8.28,7.37,89,0,731551
9.02,6.29,3522,1,731212
9.24,7.82,1051,1,730343
9.31,6.86,568,1,727409
8.69,6.69,101,1,726998
7.75,8.36,1836,1,724107
9.02,8.34,1112,0,716386
7.75,6.99,1017,1,714102
7.95,6.66,367,0,709734
9.62,8.6,1722,1,707748
9.37,8.46,71,0,704834
9.76,7.31,46,0,704058
8.97,8.69,6202,0,703024
9.17,8.14,67,0,700095
8.78,9.05,1163,1,699973
8.91,7.95,123,1,696412
8.86,6.16,55,1,694728
8.18,7.79,3006,1,693101
8.95,7.82,106,0,689071
9.65,8.48,40,0,685746
9.66,9.13,104,0,682712
9.23,8.55,28,1,682525
8.99,7.61,322,0,681945
8.81,8.3,269,0,680606
8.88,8.71,451,1,675966
9.03,8.02,276,1,672285
5.65,5.07,986,1,670295
8.94,7.91,1862,0,668576
9.55,8.15,126,0,665096
9.89,9.03,35,0,661550
8.79,7.33,250,1,657564
8.63,6.02,828,0,654587
9.25,7.35,4129,1,654407
8.35,7.35,52,0,654386
9.12,7.13,781,1,654212
8.32,6.56,5333,1,652453
7.77,4.58,1149,1,652097
8.9,9,555,0,651439
7.68,7.6,184,1,650994
9.13,8.07,4270,0,646195
8.31,6.16,4434,1,645922
9.54,6.55,86,0,645218
9.34,8.29,253,0,645191
9.76,9.08,55,0,644216
9.21,7.02,124,1,644163
9.28,8.28,1226,0,641099
8.68,8.16,107,0,638598
9.2,7.43,105,0,636631
9.38,7.64,2606,1,634953
9.09,8.13,2631,1,632299
8.08,7.26,1073,0,630049
7.72,8.15,294,0,629322
7.79,6.59,6122,1,628576
8.17,6.82,439,1,628508
9.86,9.24,51,0,628423
9.39,9.14,173,0,627102
9.61,8.89,43,0,625900
8.07,8.12,335,1,622572
9.09,8.75,39,0,622286
8.16,7.65,157,0,618598
9.27,7.42,192,0,616943
8.4,7.78,1235,0,616654
8.48,7.02,4208,1,616481
8.79,7.26,2138,1,612328
8,5.12,1603,1,611685
8.12,6.37,3631,1,609063
9.8,7.65,244,0,606841
9.46,7.19,86,1,606531
9.43,6.68,116,1,606317
9.32,8.01,1383,0,605224
9.4,8.03,1591,1,602967
8.78,9.01,205,0,599963
8.98,7.61,777,1,599176
8.17,5.98,4753,1,599050
8.28,7.42,101,0,598373
9.07,7.61,126,0,597142
8.46,8.61,96,1,593630
8.63,6.09,2873,0,592041
8.91,7.29,47,1,591841
6.44,5.29,4232,1,591125
8.43,6.84,539,0,590409
9.28,8.05,133,0,585082
9.87,7.39,50,0,584861
8.03,5.88,1197,0,583183
8.86,7.48,92,0,582698
9.5,5.79,69,0,582126
9.05,7.95,635,1,581468
9.54,8.63,1160,0,579130
8.69,7.21,31,0,577758
9.72,7.33,265,1,576150
8.85,7.75,234,0,573657
8.05,7.32,117,1,571074
9.9,8,153,0,570010
9.67,8.41,47,0,569773
8.47,7.41,330,0,569500
9.03,7,77,1,562764
8.78,8.12,1767,1,562156
9.42,7.99,13,0,560620
9.55,9,447,0,560578
8.7,7.46,872,1,559705
8.52,5.85,178,0,558433
9.29,5.97,41,1,556496
9.31,8.22,71,0,553760
8.89,8,44,0,553159
9.24,6.6,80,0,551897
9.65,8.79,41,1,550728
8.89,6.25,2502,1,540972
9.5,6.93,518,0,540485
8.29,6.88,1777,0,537920
8.82,5.85,806,1,537075
9.15,8.07,4241,0,536547
8.22,6.67,677,0,532324
9.42,6.81,1369,1,531953
7.89,8.45,1642,1,528149
9.83,7.63,96,0,527077
9.09,5.75,3391,1,526282
9.81,8.65,27,1,524914
8.83,7.23,28,0,524572
9.47,7.74,50,0,522794
8.95,9.17,203,0,522667
7.84,6.81,2220,1,519983
8.66,7.83,102,0,519584
9.16,8.84,332,1,518916
9.01,7.8,564,0,517286
8.13,7.48,312,0,515522
8.04,6.68,125,0,515074
8.57,7.4,52,1,514417
8,6.74,1940,1,514052
9.16,8.33,206,0,513202
9.45,8.89,90,0,510996
9.2,8.37,4415,1,510878
9.68,7.82,19,0,509640
8.94,6.47,225,0,509623
9.73,8.99,39,1,507508
8.91,6.81,2408,1,507257
9.4,8.75,134,1,503516
8.7,6.88,38,0,502807
8.01,6.68,191,0,501286
8.96,6.71,391,0,499838
9.37,8.49,718,0,498004
8.19,5.67,1566,1,497880
9.36,6.66,3115,1,492773
8.75,6.61,2207,1,492465
8.49,8.11,899,1,491207
8.59,8.05,6249,0,489855
9.76,9.26,2074,0,489409
9.16,8.42,39,0,488242
6.08,7.95,5414,1,485083
8.99,8.76,4002,0,480987
7.47,5.46,1996,0,480528
7.45,4.04,3128,1,480361
9.72,9.26,865,0,478822
8.94,6.67,412,0,478392
9.18,8.47,5735,1,476665
9.31,7.09,189,1,475309
8.85,6.69,3849,0,472693
8.08,8.72,126,1,472692
8.26,6.8,119,1,472118
6.46,6.46,1945,0,471547
8.59,7.2,100,1,471103
9.65,8.47,34,1,470990
7.99,7.54,751,1,470256
8.74,7.11,98,1,468273
8.93,8.84,1957,0,467697
8.02,6.66,4640,1,465749
8.93,8.12,372,0,465607
8.89,6.26,5665,1,465492
8.42,7.31,53,0,464607
9.66,7.52,91,0,464076
9.73,5.85,177,0,462999
7.93,6.44,52,1,462176
9.49,8.08,26,0,459535
8.14,7.29,2961,0,459421
9.73,9.34,104,0,458988
8.88,8.94,306,0,457343
9.11,7.58,4356,0,451669
8.04,8.22,1951,1,449071
9.45,9.35,653,0,448826
7.8,6.27,761,1,447569
8.97,8.43,211,1,446664
7.92,7.46,69,1,446510
9.76,8.8,20,1,445014
8.04,7.63,140,0,445009
9.61,7.71,95,1,444045
9.02,8.03,110,0,443889
7.32,2.79,1160,0,443462
8.71,9.35,20,0,441707
9.38,6.55,84,0,441525
8.81,6.29,1575,0,438833
7.93,5.94,2161,0,437101
9.78,7.89,297,0,435551
8.68,6.65,47,1,435201
9.01,8.18,3328,1,433825
9.5,8.99,45,0,431376
6.56,5.35,5602,1,431310
9.54,8.73,42,0,429569
9.46,7.1,2331,0,429141
9.5,6.49,45,1,428896
8.19,6.45,11212,0,428429
8.35,7.2,1397,1,428139
9.32,8.6,169,0,427764
7.54,6.97,2160,1,425972
8.35,6.71,4646,1,425799
5.05,3.22,885,0,425571
8.56,7.77,194,1,424041
9.17,7.5,1351,0,424002
8.81,8.09,2118,0,423026
8.48,7.38,273,0,422363
9.53,7.73,5881,0,414626
9.28,8.64,52,1,414083
8.52,7.87,145,0,412843
8.56,6.35,92,1,410644
9.54,8.49,156,0,407264
9.25,8.81,261,0,406284
8.86,7.76,314,0,405580
7.94,7.76,4311,1,404456
8.44,8.02,141,0,401477
9.16,7.91,2754,1,400329
8.07,4.28,1094,0,399667
9.64,6.71,119,0,398097
6.48,6.99,1128,1,397923
9.67,8.77,23,1,397381
8.46,7.5,866,0,395865
9.28,7.94,44,0,391513
9.62,8.07,649,1,390741
9.19,8.72,13,1,389253
8.79,7.28,256,0,387527
9.16,7.69,4015,0,387409
8.46,7.42,2246,1,385934
8.5,7.77,149,0,385841
9.66,8.42,70,1,385552
8.53,8.05,43,0,384789
9.05,7.5,65,0,383862
9.23,7.97,3916,0,383336
6.95,7.93,3641,0,383332
8.95,7.28,88,0,382607
9.49,9.3,94,0,381243
8.54,7.28,2125,0,378729
7.68,6.47,129,0,377801
8.07,7.14,74,0,375573
8.42,7.19,156,0,373344
9.25,8.56,266,0,366442
9.38,8.81,23,0,366277
8.91,5.72,45,0,365525
8.26,5.49,588,0,364415
8.65,6.58,36,1,364251
9.19,7.01,60,0,362572
9.1,6.82,70,0,360661
9.52,8.37,2847,1,360556
9.66,9.3,402,0,359899
9.38,7.84,16,1,359663
9.62,8.17,98,0,358286
8.1,7.08,40,0,358046
8.81,7.58,124,1,356976
8.81,6.13,3524,1,356342
8.9,7.14,365,0,355813
9.43,7.91,1505,0,351779
9.27,8.55,109,0,351555
8.57,8.13,4329,0,351276
9.2,8.51,10564,0,351091
9.05,7.15,72,0,350563
8.87,7.28,2707,0,350129
9.21,8.14,,1,348883
9.45,5.9,396,0,348772
8.39,5.99,3136,0,346483
9.61,8.86,31,1,346441
9.33,6.76,598,0,344876
9.14,8.66,69,0,344766
9.56,8.52,28,0,343268
9.61,4.87,428,0,341882
8.63,7.74,4471,1,339844
8.07,6.91,2196,1,338168
9.54,9.27,889,1,338080
8.98,8.26,92,0,336312
9.83,9.12,84,0,335706
7.62,7.08,1962,1,334323
6.83,7.16,2394,0,332619
9.09,7.59,495,0,332180
8.24,7.21,28,0,331877
8.45,6.67,1853,1,331760
9.82,8.38,14,1,330665
5.78,7.06,146,1,329086
7.38,7.94,175,0,329029
9.38,8.61,183,0,328767
8.75,8.16,65,0,327612
9.07,7.4,47,1,327591
9.47,8.38,123,1,325016
9.01,8.05,13143,1,324420
8.7,2.89,330,1,322459
9.65,8.4,75,0,320997
8.61,6.5,3254,0,320923
9.13,8.95,14,1,320409
9.58,8.75,35,0,320353
9.66,8.38,57,0,319072
8.11,7.39,485,0,318157
7.81,5.59,7087,1,317505
9.83,9.31,1441,1,316788
8.85,8.41,15712,0,316780
9.14,7.25,47,0,315888
9.93,8.34,13,1,315863
8.64,8.64,17,0,315809
8.8,8.99,131,1,315348
9.31,8.52,708,0,315321
7.47,7.82,1887,1,315305
9.07,6.85,2528,1,313953
9.06,5.79,60,1,312640
9.12,7.43,58,0,312576
8.17,7.96,32,0,311456
9.45,7.07,63,0,311274
9.5,5.84,384,0,310548
8.32,5.98,224,0,309729
8.9,7.9,1778,1,308180
8.71,3.81,51,1,308057
8.76,8.09,74,0,307217
8.68,7.33,32,0,306837
9.27,9.01,3414,0,306119
9.52,8.59,133,1,305100
9.63,8.77,16,0,300477
10,7.17,27,0,299434
7.67,6.21,130,1,298983
8.85,7.95,87,0,298298
8.06,7.99,3451,1,298086
9.31,8.88,965,0,297944
8.65,8.32,148,0,297356
9.22,8.56,65,0,297025
9,8.11,43,0,295189
8.97,7.51,199,0,294320
9.51,8.07,19,1,293787
8.85,8.34,61,0,292655
9.57,8.04,89,0,292529
8.87,7.66,99,1,292430
8.87,7.59,134,0,292217
9.3,5.81,12,0,291685
9.21,7.48,1165,1,291143
8.58,5.78,57,1,290334
9.57,8.29,95,0,289645
9.05,7.84,72,0,289534
8.88,5.74,59,0,289117
6.86,7.5,235,0,288016
7.6,5.4,536,0,286657
7.9,6.7,53,0,284619
9.27,9.08,17,0,284360
9.25,7.4,1779,0,283449
9.42,8.42,52,1,283300
8.9,6.92,195,1,282662
9.61,8.75,35,0,282419
8.94,6.16,67,0,281642
8.32,7.4,467,0,279488
9.23,7.86,69,1,278914
8.98,7.85,3320,0,278015
9.07,7.01,120,0,277224
9.25,8,195,0,276379
9.29,8.9,69,0,276334
7.5,7.08,219,0,274628
9.22,5.27,436,1,274229
9.41,8.35,457,1,272890
9.45,8.38,441,0,272736
4.07,4.07,399,1,272648
9.22,8.38,15,1,272062
7.71,2.52,1912,0,271514
8.75,4.72,78,0,270683
8.88,6.86,2553,0,270602
8.94,6.18,3663,1,270148
8.69,7.25,77,0,269947
9.01,7.57,42,1,269510
7.71,8.35,1175,1,269157
9.81,7.41,62,1,267843
9.17,8.68,75,0,267373
10,7.63,50,0,266574
7.97,7.99,109,1,266389
7.87,7.84,482,1,266253
8.99,7.17,110,0,265744
10,7.52,247,0,265323
9.22,8.15,33,1,264918
9.66,8.33,163,0,262289
9.28,8.39,132,0,260721
8.23,8.42,1516,0,260144
7.48,4.11,49,0,257808
8.1,5.79,4077,0,257716
9.49,8.27,32,1,257381
8,6.55,61,0,257193
9.4,8.2,59,1,257106
9.66,8.26,481,0,256475
7.75,5.7,46,1,256346
8.14,4.28,12060,1,255151
8.99,6.88,2694,0,252475
8.75,7.46,102,1,252444
8.19,7.89,955,1,251314
8.73,6.39,3899,1,250650
8.15,5.94,687,1,249114
8.73,4.99,25,0,248943
9.4,7.84,1551,0,248215
9.2,7.17,42,1,247373
9.75,6.12,67,0,247138
8.81,6.18,194,0,245343
9.62,5.54,69,0,244338
8.51,7.52,1393,1,243094
9.42,7.55,53,0,242707
9,5.94,243,0,241669
9.26,9.05,73,0,241514
9.37,7.81,50,0,240990
8.96,7.25,41,0,239674
9.7,8.19,127,0,239483
9.3,8.43,308,0,238257
8.68,8.64,82,0,238073
9.07,8.04,530,1,237147
8.96,7.96,52,0,236359
9.15,8.46,74,0,236129
8.51,7.84,322,0,235688
9.16,8.38,231,1,235207
8.28,7.5,4173,0,233563
9.43,8.12,19,1,233347
9.45,8.63,77,0,233283
8.79,6.42,1498,1,233211
8.19,7.49,108,0,232972
7.8,8.16,78,0,232532
9.2,7.67,7774,0,232016
8.66,5.87,26,0,229610
8.59,7.14,921,0,229610
9.3,8.78,7937,0,229059
8.25,7.25,48,1,229014
8.29,6.8,60,0,228899
9.34,7.35,80,1,228539
9.33,8.08,13,0,228143
8.63,6.99,184,1,228090
8.99,7.87,82,0,227586
8.18,3.59,29,0,227354
9.22,8.83,15,1,225842
8.48,7.25,681,1,225146
9.1,6.61,1275,1,224891
9.63,8.55,707,0,224849
9.42,8.78,1295,0,224452
9.02,8.42,328,1,222953
6.3,7.1,109,1,222927
8.89,7.8,1352,1,222731
9.25,9.11,39,0,222594
8.92,8.91,5318,1,222017
7.61,6.32,82,1,221327
9.85,8.45,266,1,221176
9.81,8.3,685,1,219962
8.47,6.18,69,0,219678
9.56,8.3,48,0,219621
8.59,4.45,37,0,217924
9.15,6.1,1186,1,217493
9.24,8.33,11,1,217320
9.59,8.13,61,0,217077
9.61,8.96,40,1,216861
9.38,8.69,253,1,216852
9.21,8.63,1375,0,216755
10,8.18,32,1,216703
7.97,5.82,37,0,216676
9.65,7.35,28,0,216487
9.65,8.79,54,1,215993
9.58,3.78,1264,1,215362
8.81,5.85,613,0,214946
9.36,9.04,2196,0,214003
9.36,8.65,126,0,213500
7.89,6.52,221,1,212854
7.48,6.4,81,0,212599
9.14,8.48,10,0,212368
8.73,7.37,3902,0,212154
6.88,6.67,116,1,212035
9.43,6.34,34,0,211740
9.32,6.29,158,1,211290
9.24,8.91,42,0,210493
8.77,6.32,2983,1,210278
9.87,6.2,71,0,210018
9.92,8.43,147,0,209673
8.43,6.11,120,0,208912
8.76,6.72,45,0,208094
8.92,7.28,72,0,208054
8.47,6.97,3395,1,206953
10,7.99,46,0,206320
9.62,8.65,229,1,205579
7.99,8.19,2109,0,204742
8.52,7.83,3869,1,203775
9.57,8.11,49,0,203476
8.7,8.2,119,0,202805
9.22,8.69,10,1,202538
9.62,8.17,60,1,202148
9.49,8.7,165,0,201365
8.71,7.72,1472,0,200123
9.14,7.75,58,0,200038